Url,Title,Description
https://themissinglink.sharepoint.com/sites/client/TheMissingLink,!!The Missing Link,Corporate
https://themissinglink.sharepoint.com/sites/client/10ThousandFeetPtyLtd,10 Thousand Feet Pty Ltd,Inside Sales
https://themissinglink.sharepoint.com/sites/client/1ICTPtyLtd,1ICT Pty Ltd,Security
https://themissinglink.sharepoint.com/sites/client/1stAvailableLimited,1stAvailable Limited,Zoaib Nafar
https://themissinglink.sharepoint.com/sites/client/ABCTissueProductsPtyLtd,ABC Tissue Products Pty Ltd,Daniel Kent
https://themissinglink.sharepoint.com/sites/client/AccorAdvantagePlus,Accor Advantage Plus,Paul Friend
https://themissinglink.sharepoint.com/sites/client/AdaptationEnvironmentalSupportPtyLtd,Adaptation Environmental Support Pty Ltd,Inside Sales
https://themissinglink.sharepoint.com/sites/client/AEGONDirectAffinityMarketingServices,AEGON Direct & Affinity Marketing Services,William Strang
https://themissinglink.sharepoint.com/sites/client/AffiliatedManagersGroupPtyLtd,Affiliated Managers Group Pty Ltd,Inside Sales
https://themissinglink.sharepoint.com/sites/client/AgileTalent,Agile Talent,William Strang
https://themissinglink.sharepoint.com/sites/client/AllenUnwinPtyLimited,Allen & Unwin Pty Limited,William Strang
https://themissinglink.sharepoint.com/sites/client/AllfinFinancialServices,Allfin Financial Services,Inside Sales
https://themissinglink.sharepoint.com/sites/client/AllianceSI,Alliance SI,New South Wales
https://themissinglink.sharepoint.com/sites/client/AllianzAustraliaInsurance,Allianz Australia Insurance,Zoaib Nafar
https://themissinglink.sharepoint.com/sites/client/AllnexResinsAustraliaPtyLtd,Allnex Resins Australia Pty Ltd,Michael Cox
https://themissinglink.sharepoint.com/sites/client/AnglicareSydney,Anglicare Sydney,Clare Burman
https://themissinglink.sharepoint.com/sites/client/AngophoraCapitalPtyLimited,Angophora Capital Pty Limited,William Strang
https://themissinglink.sharepoint.com/sites/client/ANSTO,ANSTO,Inside Sales
https://themissinglink.sharepoint.com/sites/client/ArmidaleCatholicSchoolsOffice,Armidale Catholic Schools Office,Zoaib Nafar
https://themissinglink.sharepoint.com/sites/client/ArtisGroupPtyLimited,Artis Group Pty Limited,Inside Sales
https://themissinglink.sharepoint.com/sites/client/ATPTourInc,ATP Tour Inc.,Clare Burman
https://themissinglink.sharepoint.com/sites/client/AuditedMediaAssociationofAustralia,Audited Media Association of Australia,Inside Sales
https://themissinglink.sharepoint.com/sites/client/AustmontCateringEquipment,Austmont Catering Equipment,Clare Burman
https://themissinglink.sharepoint.com/sites/client/AustralianAdministrationServicesAAS,Australian Administration Services (AAS),Daniel Kent
https://themissinglink.sharepoint.com/sites/client/AustralianAntarcticDivision,Australian Antarctic Division,Daniel Kent
https://themissinglink.sharepoint.com/sites/client/AustralianFitnessManagementPtyLtd,Australian Fitness Management Pty Ltd,Clare Burman
https://themissinglink.sharepoint.com/sites/client/AustralianHealthNutritionAssociationLimited,Australian Health & Nutrition Association Limited,Daniel Kent
https://themissinglink.sharepoint.com/sites/client/AustralianInstituteofAdvancedStudiesPtyLtd,Australian Institute of Advanced Studies Pty Ltd,William Strang
https://themissinglink.sharepoint.com/sites/client/AustralianInstituteofMusic,Australian Institute of Music,Daniel Kent
https://themissinglink.sharepoint.com/sites/client/AustralianInternationalAcademyofEducationLtd,Australian International Academy of Education Ltd,Clare Burman
https://themissinglink.sharepoint.com/sites/client/AustralianMilitaryBankLtd,Australian Military Bank Ltd,Ashley Steadman
https://themissinglink.sharepoint.com/sites/client/AustralianSailingLimited,Australian Sailing Limited,Clare Burman
https://themissinglink.sharepoint.com/sites/client/AustralianWoolInnovationLimited,Australian Wool Innovation Limited,Zoaib Nafar
https://themissinglink.sharepoint.com/sites/client/AutismSpectrumAustraliaAspect,Autism Spectrum Australia (Aspect),Daniel Kent
https://themissinglink.sharepoint.com/sites/client/AutomicPtyLtd,Automic Pty Ltd,Daniel Kent
https://themissinglink.sharepoint.com/sites/client/AVEPtyLtd,AVE Pty Ltd,William Strang
https://themissinglink.sharepoint.com/sites/client/AviateGroupPtyLtd,Aviate Group Pty Ltd,William Strang
https://themissinglink.sharepoint.com/sites/client/AxiCorpFinancialServicesPtyLtd,AxiCorp Financial Services Pty Ltd,Tanya Hovagimian
https://themissinglink.sharepoint.com/sites/client/BankofChinaLimited,Bank of China Limited,Michael Cox
https://themissinglink.sharepoint.com/sites/client/BCALDiagnostics,BCAL Diagnostics,Inside Sales
https://themissinglink.sharepoint.com/sites/client/BeilbyPouldenCostelloPtyLtd,Beilby Poulden Costello Pty Ltd,Clare Burman
https://themissinglink.sharepoint.com/sites/client/BeyondInternationalLimited,Beyond International Limited,Tanya Hovagimian
https://themissinglink.sharepoint.com/sites/client/BiotronLimited,Biotron Limited,Inside Sales
https://themissinglink.sharepoint.com/sites/client/BlackbaudPacificPtyLtd,Blackbaud Pacific Pty Ltd,William Strang
https://themissinglink.sharepoint.com/sites/client/BluestoneGroupPtyLimited,Bluestone Group Pty Limited,William Strang
https://themissinglink.sharepoint.com/sites/client/BoardOfStudies,Board Of Studies,Michael Cox
https://themissinglink.sharepoint.com/sites/client/BoyceCharteredAccountants,Boyce Chartered Accountants,Ashley Steadman
https://themissinglink.sharepoint.com/sites/client/BPAYGroupLimited,BPAY Group Limited,Ashley Steadman
https://themissinglink.sharepoint.com/sites/client/BrickworksLtd,Brickworks Ltd,Richard Charlton
https://themissinglink.sharepoint.com/sites/client/Broadspectrum(Australia)PtyLtd,Broadspectrum (Australia) Pty Ltd,Paul Friend
https://themissinglink.sharepoint.com/sites/client/BrookvaleMotorGroupPtyLtd,Brookvale Motor Group Pty Ltd,Inside Sales
https://themissinglink.sharepoint.com/sites/client/CaptionItPtyLtd,Caption It Pty Ltd,Inside Sales
https://themissinglink.sharepoint.com/sites/client/CarestreamDentalPtyLtd,Carestream Dental Pty Ltd,William Strang
https://themissinglink.sharepoint.com/sites/client/CarestreamHealthAustraliaPtyLtd,Carestream Health Australia Pty Ltd,William Strang
https://themissinglink.sharepoint.com/sites/client/CastlerockPropertyManagementPtyLtd,Castlerock Property Management Pty Ltd,Inside Sales
https://themissinglink.sharepoint.com/sites/client/CatholicDioceseofLismore,Catholic Diocese of Lismore,Richard Charlton
https://themissinglink.sharepoint.com/sites/client/CBHSHealthFundLimited,CBHS Health Fund Limited,Ashley Steadman
https://themissinglink.sharepoint.com/sites/client/CCHAustraliaLimited,CCH Australia Limited,Ashley Steadman
https://themissinglink.sharepoint.com/sites/client/CCLLabelHealthcareBlacktown,CCL Label Healthcare (Blacktown),Clare Burman
https://themissinglink.sharepoint.com/sites/client/CertisQLDPtyLtd,Certis (QLD) Pty Ltd,Inside Sales
https://themissinglink.sharepoint.com/sites/client/ChallengerLimited,Challenger Limited,Inside Sales
https://themissinglink.sharepoint.com/sites/client/ChemwatchPtyLtd,Chemwatch Pty Ltd,Corporate
https://themissinglink.sharepoint.com/sites/client/ChepAustraliaLimited,Chep Australia Limited,Clare Burman
https://themissinglink.sharepoint.com/sites/client/Chi-XAustraliaPtyLtd,Chi-X Australia Pty Ltd,Zoaib Nafar
https://themissinglink.sharepoint.com/sites/client/CityofSydneyRSLCommunityClubLimited,City of Sydney RSL & Community Club Limited,William Strang
https://themissinglink.sharepoint.com/sites/client/ClariusGroupLimitedtaIgnite,Clarius Group Limited T/A Ignite,Zoaib Nafar
https://themissinglink.sharepoint.com/sites/client/ClaytonUTZ,Clayton UTZ,Zoaib Nafar
https://themissinglink.sharepoint.com/sites/client/ClearImageLabelsPtyLtd,Clear Image Labels Pty Ltd,Clare Burman
https://themissinglink.sharepoint.com/sites/client/ClearbluePropertyPtyLtd,Clearblue Property Pty Ltd,Inside Sales
https://themissinglink.sharepoint.com/sites/client/Cloudwave,Cloudwave,Zoaib Nafar
https://themissinglink.sharepoint.com/sites/client/CMRDirectMailServicePtyLimited,CMR Direct Mail Service Pty Limited,Inside Sales
https://themissinglink.sharepoint.com/sites/client/CNSAustraliaPtyLtd,CNS Australia Pty Ltd,Daniel Forsythe
https://themissinglink.sharepoint.com/sites/client/ColasAustraliaGroupPtyLtd,Colas Australia Group Pty Ltd,Tanya Hovagimian
https://themissinglink.sharepoint.com/sites/client/ColemanGreigLawyersPtyLtd,Coleman Greig Lawyers Pty Ltd,Ashley Steadman
https://themissinglink.sharepoint.com/sites/client/CollegeofLaw,College of Law,Ashley Steadman
https://themissinglink.sharepoint.com/sites/client/Communico,Communico,William Strang
https://themissinglink.sharepoint.com/sites/client/ConcretePlaygroundPtyLtd,Concrete Playground Pty Ltd,Alex Gambotto
https://themissinglink.sharepoint.com/sites/client/ConvergedCommunicationNetworkApplicationsPtyL,Converged Communication Network Applications Pty L,Daniel Kent
https://themissinglink.sharepoint.com/sites/client/CoregasPtyLtd,Coregas Pty Ltd,William Strang
https://themissinglink.sharepoint.com/sites/client/CountryRoadGroup,Country Road Group,Zoaib Nafar
https://themissinglink.sharepoint.com/sites/client/Cover-MoreInsuranceServicesPtyLtd,Cover-More Insurance Services Pty Ltd,William Strang
https://themissinglink.sharepoint.com/sites/client/CryovacAustraliaPtyLtdSealedAir,Cryovac Australia Pty Ltd (Sealed Air),Inside Sales
https://themissinglink.sharepoint.com/sites/client/CueCoPtyLtd,Cue & Co Pty Ltd,Zoaib Nafar
https://themissinglink.sharepoint.com/sites/client/CultureAmp,Culture Amp,David Bingham
https://themissinglink.sharepoint.com/sites/client/CurrencySelectPtyLtd,Currency Select Pty Ltd,Zoaib Nafar
https://themissinglink.sharepoint.com/sites/client/DabservPtyLtd,Dabserv Pty Ltd (KWM),Zoaib Nafar
https://themissinglink.sharepoint.com/sites/client/DeBortoliWines,De Bortoli Wines,Zoaib Nafar
https://themissinglink.sharepoint.com/sites/client/DepartmentofDefence,Department of Defence,Michael Cox
https://themissinglink.sharepoint.com/sites/client/DeptofFinanceServicesandInnovation,"Dept of Finance, Services & Innovation",Zoaib Nafar
https://themissinglink.sharepoint.com/sites/client/DeptofFamilyandCommServicesNSW,Dept. of Family and Comm. Services NSW,Zoaib Nafar
https://themissinglink.sharepoint.com/sites/client/DGThompsonPtyLimited,DG Thompson Pty Limited,Daniel Forsythe
https://themissinglink.sharepoint.com/sites/client/DigitalAthletePtyLtdTADigiVest,Digital Athlete Pty Ltd T/A DigiVest,William Strang
https://themissinglink.sharepoint.com/sites/client/DigitalConsultingGroupPL,Digital Consulting Group P/L,Inside Sales
https://themissinglink.sharepoint.com/sites/client/DimensionDataCloudSolutionsAustralia,Dimension Data Cloud Solutions Australia,Zoaib Nafar
https://themissinglink.sharepoint.com/sites/client/DitnoPtyLtd,Ditno Pty Ltd,Aaron Bailey
https://themissinglink.sharepoint.com/sites/client/DiversaLimited,Diversa Limited,Alex Gambotto
https://themissinglink.sharepoint.com/sites/client/DoubleImpactDisplaysPtyLtd,Double Impact Displays Pty Ltd,William Strang
https://themissinglink.sharepoint.com/sites/client/DowCorningAustraliaPtyLtd,Dow Corning Australia Pty Ltd,Inside Sales
https://themissinglink.sharepoint.com/sites/client/DPWorldAustraliaLimited,DP World Australia Limited,Ashley Steadman
https://themissinglink.sharepoint.com/sites/client/DunbraePtyLtd,Dunbrae Pty Ltd,Clare Burman
https://themissinglink.sharepoint.com/sites/client/DynamicOfficeSuppliesPtyLtd,Dynamic Office Supplies Pty Ltd,Clare Burman
https://themissinglink.sharepoint.com/sites/client/EclipseOptionsAUPTYLTD,Eclipse Options (AU) PTY LTD,Alex Gambotto
https://themissinglink.sharepoint.com/sites/client/EditionHabitPressPtyLtd,Edition Habit Press Pty Ltd,Inside Sales
https://themissinglink.sharepoint.com/sites/client/EducationCentreofAustralia,Education Centre of Australia,Clare Burman
https://themissinglink.sharepoint.com/sites/client/EFTEXPtyLimited,EFTEX Pty. Limited,Richard Charlton
https://themissinglink.sharepoint.com/sites/client/ElectrotelPtyLtd,Electrotel Pty Ltd,Inside Sales
https://themissinglink.sharepoint.com/sites/client/Elevencom,Elevencom,Inside Sales
https://themissinglink.sharepoint.com/sites/client/EnboardmePtyLtd,Enboard.me Pty Ltd,Daniel Kent
https://themissinglink.sharepoint.com/sites/client/Energetics,Energetics,William Strang
https://themissinglink.sharepoint.com/sites/client/EnergyWaterOmbudsmanNSWEWON,Energy & Water Ombudsman NSW (EWON),Inside Sales
https://themissinglink.sharepoint.com/sites/client/EnergyAustraliaPtyLimited,Energy Australia Pty Limited,David Bingham
https://themissinglink.sharepoint.com/sites/client/EnstarGroupLimited,Enstar Group Limited,Administration
https://themissinglink.sharepoint.com/sites/client/ENTRoomsFogartyTweddle,ENT Rooms Fogarty Tweddle,Paul Friend
https://themissinglink.sharepoint.com/sites/client/Enviropacific,Enviropacific,William Strang
https://themissinglink.sharepoint.com/sites/client/EquifaxAustralasiaGroupServicesPtyLimited,Equifax Australasia Group Services Pty Limited,Daniel Kent
https://themissinglink.sharepoint.com/sites/client/EvokeProjectsPtyLtd,Evoke Projects Pty Ltd,Michael Cox
https://themissinglink.sharepoint.com/sites/client/EvolutionSecurityNSWPtyLtd,Evolution Security NSW Pty Ltd,Inside Sales
https://themissinglink.sharepoint.com/sites/client/FairfaxMedia,Fairfax Media,Daniel Kent
https://themissinglink.sharepoint.com/sites/client/FBRManagementServicesPtyLtd,FBR Management Services Pty Ltd,Clare Burman
https://themissinglink.sharepoint.com/sites/client/FederalCourtofAustralia,Federal Court of Australia,Inside Sales
https://themissinglink.sharepoint.com/sites/client/FirstDataResourcesAsiaPacificPtyLtd,First Data Resources Asia Pacific Pty Ltd,Zoaib Nafar
https://themissinglink.sharepoint.com/sites/client/FlexiGroupLimited,FlexiGroup Limited,Ashley Steadman
https://themissinglink.sharepoint.com/sites/client/FrasersPropertyPtyLtd,Frasers Property Pty Ltd,Richard Charlton
https://themissinglink.sharepoint.com/sites/client/FujifilmAustraliaPtyLtd,Fujifilm Australia Pty Ltd,William Strang
https://themissinglink.sharepoint.com/sites/client/GTServiceCompanyPtyLtd,G&T Service Company Pty Ltd,Ashley Steadman
https://themissinglink.sharepoint.com/sites/client/Galaxy1Communications,Galaxy 1 Communications,Inside Sales
https://themissinglink.sharepoint.com/sites/client/GeorgeWestonFoods,George Weston Foods,Daniel Kent
https://themissinglink.sharepoint.com/sites/client/GetCapitalPtyLtd,Get Capital Pty Ltd,William Strang
https://themissinglink.sharepoint.com/sites/client/GilesTribeArchitects,Giles Tribe Architects,Inside Sales
https://themissinglink.sharepoint.com/sites/client/GlassonsAustraliaLimited,Glassons Australia Limited,Clare Burman
https://themissinglink.sharepoint.com/sites/client/GlobusCircuitTravelPtyLtd,Globus Circuit Travel Pty Ltd,Tanya Hovagimian
https://themissinglink.sharepoint.com/sites/client/GoodmanHoldingsPtyLtd,Goodman Holdings Pty Ltd,Daniel Forsythe
https://themissinglink.sharepoint.com/sites/client/Goulburn-MurrayWater,Goulburn-Murray Water,Zoaib Nafar
https://themissinglink.sharepoint.com/sites/client/GrantThorntonAustraliaLimited,Grant Thornton Australia Limited,David Bingham
https://themissinglink.sharepoint.com/sites/client/HaemaLogiX,HaemaLogiX,Inside Sales
https://themissinglink.sharepoint.com/sites/client/HallensteinBrothersAustraliaLimited,Hallenstein Brothers Australia Limited,Clare Burman
https://themissinglink.sharepoint.com/sites/client/HannaGroupPtyLtd,Hanna Group Pty Ltd,Clare Burman
https://themissinglink.sharepoint.com/sites/client/HarbridgeFineWinesPtyLtd,Harbridge Fine Wines Pty Ltd,Inside Sales
https://themissinglink.sharepoint.com/sites/client/HardwareGeneralSuppliesLtd,Hardware & General Supplies Ltd,William Strang
https://themissinglink.sharepoint.com/sites/client/HealthdirectAustralia,Healthdirect Australia,Ashley Steadman
https://themissinglink.sharepoint.com/sites/client/HerrmannInternationalAsiaPtyLimited,Herrmann International Asia Pty Limited,Inside Sales
https://themissinglink.sharepoint.com/sites/client/HipagesGroupPtyLtd,Hipages Group Pty Ltd,Inside Sales
https://themissinglink.sharepoint.com/sites/client/HivetecAustralia,Hivetec Australia,William Strang
https://themissinglink.sharepoint.com/sites/client/HLBMannJuddNSWPtyLtd,HLB Mann Judd (NSW) Pty Ltd,Daniel Forsythe
https://themissinglink.sharepoint.com/sites/client/HLDInternational,HLD International,Corporate
https://themissinglink.sharepoint.com/sites/client/HolgateRealEstatePtyLtd,Holgate Real Estate Pty Ltd,William Strang
https://themissinglink.sharepoint.com/sites/client/HostworksPtyLtd,Hostworks Pty Ltd,Daniel Kent
https://themissinglink.sharepoint.com/sites/client/HunterWaterCorporation,Hunter Water Corporation,Michael Cox
https://themissinglink.sharepoint.com/sites/client/HVACProjectPartnersPtyLtd,HVAC Project Partners Pty Ltd,William Strang
https://themissinglink.sharepoint.com/sites/client/HWLEbsworthLawyers,HWL Ebsworth Lawyers,Sateesh Karra
https://themissinglink.sharepoint.com/sites/client/IBMAustraliaLtdDHS,IBM Australia Ltd_DHS,Administration
https://themissinglink.sharepoint.com/sites/client/iCapAustraliaPtyLtd,iCap Australia Pty Ltd,Alex Gambotto
https://themissinglink.sharepoint.com/sites/client/IconVisualMarketing,Icon Visual Marketing,Zoaib Nafar
https://themissinglink.sharepoint.com/sites/client/icourtsPtyLtd,icourts Pty Ltd,William Strang
https://themissinglink.sharepoint.com/sites/client/IgniteEnergyResources,Ignite Energy Resources,Ashley Steadman
https://themissinglink.sharepoint.com/sites/client/IKEADistributionServicesAustraliaPtyLtd,IKEA Distribution Services Australia Pty. Ltd.,William Strang
https://themissinglink.sharepoint.com/sites/client/iknowhoPtyLtd,iknowho Pty Ltd,Alex Gambotto
https://themissinglink.sharepoint.com/sites/client/IMCPacific,IMC Pacific,Zoaib Nafar
https://themissinglink.sharepoint.com/sites/client/ImplementedPortfolios,Implemented Portfolios,Daniel Forsythe
https://themissinglink.sharepoint.com/sites/client/InghamsEnterprisesPtyLimited,Inghams Enterprises Pty Limited,Michael Cox
https://themissinglink.sharepoint.com/sites/client/InteractiveFreightSystemsPtyLtd,Interactive Freight Systems Pty Ltd,Clare Burman
https://themissinglink.sharepoint.com/sites/client/InternationalDecisionSystemsPtyLtd,International Decision Systems Pty Ltd,Clare Burman
https://themissinglink.sharepoint.com/sites/client/InternationalGrammarSchoolSydney,International Grammar School Sydney,Clare Burman
https://themissinglink.sharepoint.com/sites/client/InternationalTradeManagement,International Trade Management,Sateesh Karra
https://themissinglink.sharepoint.com/sites/client/InvestmentTrendsPtyLimited,Investment Trends Pty Limited,Ashley Steadman
https://themissinglink.sharepoint.com/sites/client/JacksonRowePtyLtd,Jackson & Rowe Pty Ltd,William Strang
https://themissinglink.sharepoint.com/sites/client/JohnCullyPtyLtdTAsParramattaAutoRentals,John Cully Pty Ltd T/As Parramatta Auto Rentals,Ashley Steadman
https://themissinglink.sharepoint.com/sites/client/JohnsonControlsAustraliaPtyLtd,Johnson Controls Australia Pty Ltd,Ashley Steadman
https://themissinglink.sharepoint.com/sites/client/JosephDahdahCompanyPtyLtd,Joseph Dahdah & Company Pty Ltd,Alex Gambotto
https://themissinglink.sharepoint.com/sites/client/JudicialCommissionofNSW,Judicial Commission of NSW,Inside Sales
https://themissinglink.sharepoint.com/sites/client/KanjiGroupPtyLtd,Kanji Group Pty Ltd,Zoaib Nafar
https://themissinglink.sharepoint.com/sites/client/KantionPtyLtdPickett,Kantion Pty Ltd (Pickett),Michael Cox
https://themissinglink.sharepoint.com/sites/client/KempStrangLawyersTABAKSTManagement,Kemp Strang Lawyers T/A BAKST Management ,Zoaib Nafar
https://themissinglink.sharepoint.com/sites/client/LTInfotech,L&T Infotech,Inside Sales
https://themissinglink.sharepoint.com/sites/client/LasermadePtyLtd,Lasermade Pty Ltd,William Strang
https://themissinglink.sharepoint.com/sites/client/LawCouncilofAustralia Limited,Law Council of Australia Limited,Daniel Kent
https://themissinglink.sharepoint.com/sites/client/LCollectPtyLtd,LCollect Pty Ltd,William Strang
https://themissinglink.sharepoint.com/sites/client/LeverageServicesPtyLtdTALeverageAcademy,Leverage Services Pty Ltd T/A Leverage Academy,William Strang
https://themissinglink.sharepoint.com/sites/client/LibraRealEstatePtyLtd,Libra Real Estate Pty Ltd,William Strang
https://themissinglink.sharepoint.com/sites/client/LindrumEnterprisesPtyLtd,Lindrum Enterprises Pty Ltd,Inside Sales
https://themissinglink.sharepoint.com/sites/client/LindtSprungliAustraliaPtyLtd,Lindt & Sprungli (Australia) Pty Ltd,Clare Burman
https://themissinglink.sharepoint.com/sites/client/LipaPharmaceuticalsLtd,Lipa Pharmaceuticals Ltd,William Strang
https://themissinglink.sharepoint.com/sites/client/LiquidCapitalAustraliaPtyLtd,Liquid Capital Australia Pty Ltd,Ashley Steadman
https://themissinglink.sharepoint.com/sites/client/LittleCompanyOfMaryHealthCare,Little Company Of Mary Health Care,Alex Gambotto
https://themissinglink.sharepoint.com/sites/client/LowyFamilyGroupServicesPtyLtd,Lowy Family Group Services Pty Ltd,Daniel Kent
https://themissinglink.sharepoint.com/sites/client/MacquarieTelecomPtyLtd,Macquarie Telecom Pty Ltd,Daniel Kent
https://themissinglink.sharepoint.com/sites/client/MacquarieUniversity,Macquarie University,Michael Cox
https://themissinglink.sharepoint.com/sites/client/MagnamailPtyLtd,Magnamail Pty Ltd,Zoaib Nafar
https://themissinglink.sharepoint.com/sites/client/MahlabRecruitmentNSWPtyLtd,Mahlab Recruitment (NSW) Pty Ltd,William Strang
https://themissinglink.sharepoint.com/sites/client/MakinsonDApice,Makinson & D'Apice,Ashley Steadman
https://themissinglink.sharepoint.com/sites/client/ManningValleyAnglicanCollege,Manning Valley Anglican College,Inside Sales
https://themissinglink.sharepoint.com/sites/client/MarraloonPtyLtd,Marraloon Pty Ltd,William Strang
https://themissinglink.sharepoint.com/sites/client/MasterPlumbersAssociationofNSW,Master Plumbers Association of NSW,Inside Sales
https://themissinglink.sharepoint.com/sites/client/MavenSecuritiesLtd,Maven Securities Ltd,Alex Gambotto
https://themissinglink.sharepoint.com/sites/client/McGrathEstateAgents,McGrath Estate Agents,William Strang
https://themissinglink.sharepoint.com/sites/client/MetgascoLimited,Metgasco Limited,Inside Sales
https://themissinglink.sharepoint.com/sites/client/MinervaCapitalPartnersPtyLtd,Minerva Capital Partners Pty Ltd,William Strang
https://themissinglink.sharepoint.com/sites/client/MinterEllisonLawyers,Minter Ellison Lawyers,Zoaib Nafar
https://themissinglink.sharepoint.com/sites/client/MoodyKiddellPartnersPtyLimited,Moody Kiddell & Partners Pty. Limited,Clare Burman
https://themissinglink.sharepoint.com/sites/client/MorayAgnewLawyers,Moray & Agnew Lawyers,Administration
https://themissinglink.sharepoint.com/sites/client/MossRiver,Moss River,Inside Sales
https://themissinglink.sharepoint.com/sites/client/MummAssociatesPtyLtd,Mumm Associates Pty Ltd,Inside Sales
https://themissinglink.sharepoint.com/sites/client/MyrtecPtyLtd,Myrtec Pty Ltd,Inside Sales
https://themissinglink.sharepoint.com/sites/client/NAFDAPtyLtd,NAFDA Pty Ltd,William Strang
https://themissinglink.sharepoint.com/sites/client/NationalDentalCare,National Dental Care,Ashley Steadman
https://themissinglink.sharepoint.com/sites/client/NationalTelecommunicationSolutions,National Telecommunication Solutions,Inside Sales
https://themissinglink.sharepoint.com/sites/client/NewSouthWalesTreasuryCorporation,New South Wales Treasury Corporation,Tanya Hovagimian
https://themissinglink.sharepoint.com/sites/client/nibhealthfundslimited,nib health funds limited,Daniel Kent
https://themissinglink.sharepoint.com/sites/client/NormoyleEngineering,Normoyle Engineering,William Strang
https://themissinglink.sharepoint.com/sites/client/NSWBusinessChamber,NSW Business Chamber,Zoaib Nafar
https://themissinglink.sharepoint.com/sites/client/NSWElectoralCommission,NSW Electoral Commission,Zoaib Nafar
https://themissinglink.sharepoint.com/sites/client/NSWPoliceForce,NSW Police Force,Inside Sales
https://themissinglink.sharepoint.com/sites/client/o2Solutions,o2 Solutions,William Strang
https://themissinglink.sharepoint.com/sites/client/OnlyAboutChildrenPtyLtd,Only About Children Pty Ltd,Inside Sales
https://themissinglink.sharepoint.com/sites/client/OptiverAustraliaPtyLtd,Optiver Australia Pty Ltd,Ashley Steadman
https://themissinglink.sharepoint.com/sites/client/OvoloGroupLimited,Ovolo Group Limited,Inside Sales
https://themissinglink.sharepoint.com/sites/client/PanasonicAustraliaPtyLimited,Panasonic Australia Pty. Limited,Michael Cox
https://themissinglink.sharepoint.com/sites/client/ParexGroupPtyLimited,ParexGroup Pty Limited,Inside Sales
https://themissinglink.sharepoint.com/sites/client/ParramasalaLtd,Parramasala Ltd,Inside Sales
https://themissinglink.sharepoint.com/sites/client/PartyLitePtyLtd,PartyLite Pty Ltd,Clare Burman
https://themissinglink.sharepoint.com/sites/client/PerilyaBrokenHillLimited,Perilya Broken Hill Limited,Alex Gambotto
https://themissinglink.sharepoint.com/sites/client/PerpetualLimited,Perpetual Limited,Daniel Kent
https://themissinglink.sharepoint.com/sites/client/PeterLeeAssociates,Peter Lee Associates,Ashley Steadman
https://themissinglink.sharepoint.com/sites/client/Phenomenex,Phenomenex,Inside Sales
https://themissinglink.sharepoint.com/sites/client/PicklesAuctionsPtyLtd,Pickles Auctions Pty Ltd,Clare Burman
https://themissinglink.sharepoint.com/sites/client/PinnDeavinCoPtyLtd,Pinn Deavin & Co Pty Ltd,Ashley Steadman
https://themissinglink.sharepoint.com/sites/client/PIT-M3DPtyLtd,PIT-M3D Pty Ltd,William Strang
https://themissinglink.sharepoint.com/sites/client/PivotCommunicationsPtyLtd,Pivot Communications Pty Ltd,Alex Gambotto
https://themissinglink.sharepoint.com/sites/client/PMAGlobalPtyLtd,PMA Global Pty Ltd,Clare Burman
https://themissinglink.sharepoint.com/sites/client/PodTrackersANZPtyLtd,Pod Trackers ANZ Pty Ltd,Zoaib Nafar
https://themissinglink.sharepoint.com/sites/client/PPBAdvisory,PPB Advisory ,Zoaib Nafar
https://themissinglink.sharepoint.com/sites/client/PrimaryCommunityCareServices,Primary & Community Care Services,Clare Burman
https://themissinglink.sharepoint.com/sites/client/PrimoSmallgoods,Primo Smallgoods,Inside Sales
https://themissinglink.sharepoint.com/sites/client/PrismaInvestmentPtyLtd,Prisma Investment Pty Ltd,William Strang
https://themissinglink.sharepoint.com/sites/client/ProfessionalStandardsCouncils,Professional Standards Councils,Ashley Steadman
https://themissinglink.sharepoint.com/sites/client/ProphecyInternationalPtyLtd,Prophecy International Pty Ltd,Corporate
https://themissinglink.sharepoint.com/sites/client/ProspectsAB,Prospects - AB,Aaron Bailey
https://themissinglink.sharepoint.com/sites/client/ProspectsAG,Prospects - AG,Alex Gambotto
https://themissinglink.sharepoint.com/sites/client/ProspectsAS,Prospects - AS,Ashley Steadman
https://themissinglink.sharepoint.com/sites/client/ProspectsAT,Prospects - AT,Andrew Taylor
https://themissinglink.sharepoint.com/sites/client/ProspectsCB,Prospects - CB,Clare Burman
https://themissinglink.sharepoint.com/sites/client/ProspectsDB,Prospects - DB,David Bingham
https://themissinglink.sharepoint.com/sites/client/ProspectsDK,Prospects - DK,Daniel Kent
https://themissinglink.sharepoint.com/sites/client/ProspectsGM,Prospects - GM,William Strang
https://themissinglink.sharepoint.com/sites/client/ProspectsMC,Prospects - MC,Karissa Breen
https://themissinglink.sharepoint.com/sites/client/Prospects-PF,Prospects - PF,Michael Cox
https://themissinglink.sharepoint.com/sites/client/ProspectsRC,Prospects - RC,Richard Charlton
https://themissinglink.sharepoint.com/sites/client/ProspectsSK,Prospects - SK,Sateesh Karra
https://themissinglink.sharepoint.com/sites/client/ProspectsTH,Prospects - TH,Tanya Hovagimian
https://themissinglink.sharepoint.com/sites/client/ProspectsWS,Prospects - WS,William Strang
https://themissinglink.sharepoint.com/sites/client/ProspectsZN,Prospects - ZN,Zoaib Nafar
https://themissinglink.sharepoint.com/sites/client/PSAArchitects,PSA Architects,Inside Sales
https://themissinglink.sharepoint.com/sites/client/QantasAirwaysLimited,Qantas Airways Limited,Zoaib Nafar
https://themissinglink.sharepoint.com/sites/client/QBEManagementServicesPtyLtd,QBE Management Services Pty Ltd,Michael Cox
https://themissinglink.sharepoint.com/sites/client/QualcommInternational,Qualcomm International,William Strang
https://themissinglink.sharepoint.com/sites/client/QubePortsBulk,Qube Ports & Bulk,Inside Sales
https://themissinglink.sharepoint.com/sites/client/QuickServiceRestaurantHoldings,Quick Service Restaurant Holdings,Clare Burman
https://themissinglink.sharepoint.com/sites/client/QuinnEmanuelUrquhartSullivanLLP,Quinn Emanuel Urquhart & Sullivan LLP,Clare Burman
https://themissinglink.sharepoint.com/sites/client/RaleruLtd,Raleru Ltd,Clare Burman
https://themissinglink.sharepoint.com/sites/client/RBCISTrustAustralia,RBC IS Trust Australia,William Strang
https://themissinglink.sharepoint.com/sites/client/ReadifyLimited,Readify Limited,Inside Sales
https://themissinglink.sharepoint.com/sites/client/RenewtrakGroup,Renewtrak Group,Security
https://themissinglink.sharepoint.com/sites/client/ResearchConnectionsPtyLtd,Research Connections Pty Ltd,William Strang
https://themissinglink.sharepoint.com/sites/client/ReserveBankofAustralia,Reserve Bank of Australia,Daniel Kent
https://themissinglink.sharepoint.com/sites/client/RotaryInternational,Rotary International,William Strang
https://themissinglink.sharepoint.com/sites/client/RPCTechnologiesPtyLtd,RPC Technologies Pty Ltd,Zoaib Nafar
https://themissinglink.sharepoint.com/sites/client/RTForsythRealEstatePtyLtd,RT Forsyth Real Estate Pty Ltd,Clare Burman
https://themissinglink.sharepoint.com/sites/client/SabrePacificPtyLtd,Sabre Pacific Pty Ltd,Inside Sales
https://themissinglink.sharepoint.com/sites/client/SafeWorkNSW,SafeWork NSW,Michael Cox
https://themissinglink.sharepoint.com/sites/client/SalmonBucketsandAttachments,Salmon Buckets and Attachments,Clare Burman
https://themissinglink.sharepoint.com/sites/client/SassandBideRetailPtyLtd,Sass and Bide Retail Pty Ltd,William Strang
https://themissinglink.sharepoint.com/sites/client/SaundersInternationalLimited,Saunders International Limited,Clare Burman
https://themissinglink.sharepoint.com/sites/client/SavannahBioSystemsPtyLtd,Savannah Bio Systems Pty Ltd,William Strang
https://themissinglink.sharepoint.com/sites/client/SchawkAustraliaPtyLtd,Schawk Australia Pty Ltd,Clare Burman
https://themissinglink.sharepoint.com/sites/client/ScubaproUwatecAustraliaPtyLtd,Scubapro Uwatec Australia Pty Ltd,William Strang
https://themissinglink.sharepoint.com/sites/client/SecureParking,Secure Parking,Clare Burman
https://themissinglink.sharepoint.com/sites/client/ShannonGroupServices,Shannon Group Services,William Strang
https://themissinglink.sharepoint.com/sites/client/ShapeAustraliaPtyLtd,Shape Australia Pty Ltd,Ashley Steadman
https://themissinglink.sharepoint.com/sites/client/SheltonsAUPtyLtdStartinginAustralia,Sheltons (AU) Pty Ltd (Starting in Australia),William Strang
https://themissinglink.sharepoint.com/sites/client/ShoutMedia,Shout Media ,William Strang
https://themissinglink.sharepoint.com/sites/client/SilannaSemiconductorPtyLtd,Silanna Semiconductor Pty Ltd,Michael Cox
https://themissinglink.sharepoint.com/sites/client/SilvaFinancePtyLtd,Silva Finance Pty Ltd,Sam Marshall
https://themissinglink.sharepoint.com/sites/client/SinefaPtyLtd,Sinefa Pty Ltd,Ashley Steadman
https://themissinglink.sharepoint.com/sites/client/SingleVineyardSellers,Single Vineyard Sellers,Inside Sales
https://themissinglink.sharepoint.com/sites/client/SIRCALimited,SIRCA Limited,Michael Cox
https://themissinglink.sharepoint.com/sites/client/SLEHoldingsPtyLtd,SLE Holdings Pty Ltd,Ashley Steadman
https://themissinglink.sharepoint.com/sites/client/SoftwareAGAustraliaPtyLtd,Software AG Australia Pty Ltd,William Strang
https://themissinglink.sharepoint.com/sites/client/StAndrewsCathedralSchool,St Andrew's Cathedral School,Clare Burman
https://themissinglink.sharepoint.com/sites/client/StGeorgePrivateHospitalNucMedPL,St George Private Hospital Nuc. Med. P/L,William Strang
https://themissinglink.sharepoint.com/sites/client/StJohnsCollege,St John's College,Clare Burman
https://themissinglink.sharepoint.com/sites/client/StPatricksCollegeStrathfield,St Patrick's College Strathfield ,William Strang
https://themissinglink.sharepoint.com/sites/client/StanwillNomineesPtyLtd,Stanwill Nominees Pty Ltd,Clare Burman
https://themissinglink.sharepoint.com/sites/client/StateTransitAuthorityNSW,State Transit Authority NSW,William Strang
https://themissinglink.sharepoint.com/sites/client/SteensenVarming,Steensen Varming,Ashley Steadman
https://themissinglink.sharepoint.com/sites/client/StefaniniTechTeamInc,Stefanini TechTeam Inc,Daniel Forsythe
https://themissinglink.sharepoint.com/sites/client/SterlingInsurancePtyLtd,Sterling Insurance Pty Ltd,Clare Burman
https://themissinglink.sharepoint.com/sites/client/StylevuePtyLimited,Stylevue Pty Limited,William Strang
https://themissinglink.sharepoint.com/sites/client/SVGDentalPtyLtdTATheDentalPractice,SVG Dental Pty Ltd T/A The Dental Practice,Clare Burman
https://themissinglink.sharepoint.com/sites/client/SydneyNightPatrolInquiryCoPtyLtd,Sydney Night Patrol & Inquiry Co Pty Ltd,Zoaib Nafar
https://themissinglink.sharepoint.com/sites/client/TataConsultancyServicesLimited,Tata Consultancy Services Limited,Zoaib Nafar
https://themissinglink.sharepoint.com/sites/client/TaysolsPtyLtd,Taysols Pty Ltd,William Strang
https://themissinglink.sharepoint.com/sites/client/TelstraSNPMonitoringPtyLtd,Telstra SNP Monitoring Pty Ltd,Zoaib Nafar
https://themissinglink.sharepoint.com/sites/client/TheHangoverClinic,The Hangover Clinic,Ashley Steadman
https://themissinglink.sharepoint.com/sites/client/TheIndependentLiquorGroup,The Independent Liquor Group,William Strang
https://themissinglink.sharepoint.com/sites/client/TheLawSocietyofNewSouthWales,The Law Society of New South Wales,Daniel Kent
https://themissinglink.sharepoint.com/sites/client/TheParksCommunityNetworkIncorporated,The Parks Community Network Incorporated,Inside Sales
https://themissinglink.sharepoint.com/sites/client/TheProfessionalGymnasiumEquipmentCompanyPtyLtd,The Professional Gymnasium Equipment Company Pty Ltd,Inside Sales
https://themissinglink.sharepoint.com/sites/client/TheRetailScore,The Retail Score,William Strang
https://themissinglink.sharepoint.com/sites/client/TheStarEntertainmentGroup,The Star Entertainment Group,Zoaib Nafar
https://themissinglink.sharepoint.com/sites/client/TheUniversityofSydneyUSYD,The University of Sydney (USYD),Zoaib Nafar
https://themissinglink.sharepoint.com/sites/client/TheVilleResort-Casino,The Ville Resort - Casino,Inside Sales
https://themissinglink.sharepoint.com/sites/client/TibraGlobalServicesPtyLimited,Tibra Global Services Pty Limited,Alex Gambotto
https://themissinglink.sharepoint.com/sites/client/TogetherCreativePtyLtd_C,Together Creative Pty Ltd_C,Alex Gambotto
https://themissinglink.sharepoint.com/sites/client/TractionInteractivePtyLtd,Traction Interactive Pty Ltd,Daniel Kent
https://themissinglink.sharepoint.com/sites/client/TransactionNetworkServicesAustPtyLtd,Transaction Network Services Aust Pty Ltd,Alex Gambotto
https://themissinglink.sharepoint.com/sites/client/TransActionSolutionsLimited,TransAction Solutions Limited,Michael Cox
https://themissinglink.sharepoint.com/sites/client/TransfieldCorporatePtyLtd,Transfield Corporate Pty Ltd,Inside Sales
https://themissinglink.sharepoint.com/sites/client/TransportforNSW,Transport for NSW,Daniel Kent
https://themissinglink.sharepoint.com/sites/client/TreystaWealthManagementPtyLtd,Treysta Wealth Management Pty Ltd,Daniel Forsythe
https://themissinglink.sharepoint.com/sites/client/tzannes,Tzannes Associates,Ashley Steadman
https://themissinglink.sharepoint.com/sites/client/TzannesAssociates,Tzannes Associates,Ashley Steadman
https://themissinglink.sharepoint.com/sites/client/UEAHoldingsPtyLtd,UEA Holdings Pty Ltd,Clare Burman
https://themissinglink.sharepoint.com/sites/client/UltraServeInternetPtyLtd,UltraServe Internet Pty Ltd,Daniel Kent
https://themissinglink.sharepoint.com/sites/client/UnitingCareNSWACT,UnitingCare NSW.ACT,Zoaib Nafar
https://themissinglink.sharepoint.com/sites/client/UXCRedRockConsulting,UXC Red Rock Consulting,William Strang
https://themissinglink.sharepoint.com/sites/client/VenturaHealthPtyLtd,Ventura Health Pty Ltd,Inside Sales
https://themissinglink.sharepoint.com/sites/client/VictoriaStateGovernment,Victoria State Government,David Bingham
https://themissinglink.sharepoint.com/sites/client/VirtualIdeasPtyLtd,Virtual Ideas Pty Ltd,William Strang
https://themissinglink.sharepoint.com/sites/client/VITAM8PtyLtd,VITAM8 Pty Ltd,Alex Gambotto
https://themissinglink.sharepoint.com/sites/client/VividPropertyServicesPtyLtd,Vivid Property Services Pty Ltd,Clare Burman
https://themissinglink.sharepoint.com/sites/client/VivienneCourtTradingPtyLtd,Vivienne Court Trading Pty Ltd,Alex Gambotto
https://themissinglink.sharepoint.com/sites/client/VocusPtyLtdC,Vocus Pty Ltd_C,Daniel Kent
https://themissinglink.sharepoint.com/sites/client/WLGoreAssociatesAustraliaPtyLtd,W L Gore & Associates Australia Pty Ltd,Inside Sales
https://themissinglink.sharepoint.com/sites/client/WacoKwikformLimited,Waco Kwikform Limited,Clare Burman
https://themissinglink.sharepoint.com/sites/client/WatersAustraliaPtyLtd,Waters Australia Pty Ltd,Inside Sales
https://themissinglink.sharepoint.com/sites/client/WesternEarthmovingPtyLtd,Western Earthmoving Pty Ltd,Ashley Steadman
https://themissinglink.sharepoint.com/sites/client/WestpacBanking,Westpac Banking,Sam Marshall
https://themissinglink.sharepoint.com/sites/client/WHAMPtyLtdWatsonMangioni,WHAM Pty Ltd (Watson Mangioni),Clare Burman
https://themissinglink.sharepoint.com/sites/client/WiproLimitedProcurement,Wipro Limited - Procurement,Ashley Steadman
https://themissinglink.sharepoint.com/sites/client/WiproLimitedTransfieldServices,Wipro Limited - Transfield Services,Ashley Steadman
https://themissinglink.sharepoint.com/sites/client/WiproTechnologiesAustraliaPtyLtd,Wipro Technologies Australia Pty Ltd,Ashley Steadman
https://themissinglink.sharepoint.com/sites/client/WiseTechGlobalLimited,WiseTech Global Limited,Richard Charlton
https://themissinglink.sharepoint.com/sites/client/WMAwaterPtyLtd,WMAwater Pty Ltd,William Strang
https://themissinglink.sharepoint.com/sites/client/WollongongCityCouncil,Wollongong City Council,Richard Charlton
https://themissinglink.sharepoint.com/sites/client/WoolworthsPtyLtd,Woolworths Pty Ltd,Daniel Kent
https://themissinglink.sharepoint.com/sites/client/WorkstarPtyLtd,Workstar Pty Ltd,Ashley Steadman
https://themissinglink.sharepoint.com/sites/client/WTHPtyLimitedTAsAvisAustralia,WTH Pty Limited (T/As Avis Australia),William Strang
https://themissinglink.sharepoint.com/sites/client/XacomPtyLtd,Xacom Pty Ltd,Ashley Steadman
https://themissinglink.sharepoint.com/sites/client/YouthOffTheStreets,Youth Off The Streets,William Strang
https://themissinglink.sharepoint.com/sites/client/ZieraRetailAustraliaPtyLtd,Ziera Retail Australia Pty Ltd,Clare Burman
